title,Body (HTML),Variant Price,Variant Compare At Price,shipping,Image Src
COLMI P71 Voice Calling Smartwatch Men Health Monitoring IP68 Waterproof Smart Notifications Voice Assistant Smart Watch Women ,,26.2,330.23,Free shipping,https://ae04.alicdn.com/kf/Sbf1271f4607a461f8bb1ef30d12fe12f1/COLMI-P71-Voice-Calling-Smartwatch-Men-Health-Monitoring-IP68-Waterproof-Smart-Notifications-Voice-Assistant-Smart-Watch.jpg_220x220xz.jpg
LIGE Casual Men Watch Luxury Leather Waterproof Sport Quartz Wristwatch Chronograph Military Watch for Men Relogio Masculino ,,20.21,321.09,Free shipping,https://ae04.alicdn.com/kf/S0bf0e1ef20524acdb2435d3151153ee7O/LIGE-Casual-Men-Watch-Luxury-Leather-Waterproof-Sport-Quartz-Wristwatch-Chronograph-Military-Watch-for-Men-Relogio.jpg_220x220xz.jpg
Fashion Men Black Stainless Steel Watch Luxury Calendar Quartz Wrist Watch Mens Business Watches for Man Clock Relogio Masculino ,,4.98,97.69,Free shipping,https://ae04.alicdn.com/kf/S5dca3773feee404c883f12df6b0911459/Fashion-Men-Black-Stainless-Steel-Watch-Luxury-Calendar-Quartz-Wrist-Watch-Mens-Business-Watches-for-Man.jpg_220x220xz.jpg
LIGE 2023 Smart Watch For Men Women Gift Full Touch Screen Sports Fitness Watches Bluetooth Calls Digital Smartwatch Wristwatch ,,30.06,342.62,Free shipping,https://ae04.alicdn.com/kf/S41dae4b6299947e9b2eb3bc89d8dd62fH/LIGE-2023-Smart-Watch-For-Men-Women-Gift-Full-Touch-Screen-Sports-Fitness-Watches-Bluetooth-Calls.jpg_220x220xz.jpg
LIGE Digital Men Military Watch 50m Waterproof Wristwatch LED Quartz Clock Sport Watch Male Big Watches Men Relogios Masculino ,,78.09,"1,928.36",+Shipping: MAD26.71,https://ae04.alicdn.com/kf/Sd6fe86c79a434642903a8ae0f73e8b31L/LIGE-Digital-Men-Military-Watch-50m-Waterproof-Wristwatch-LED-Quartz-Clock-Sport-Watch-Male-Big-Watches.jpg_220x220xz.jpg
SENBONO Smart Watch Men Women LED Flashlight 100+ Sport Modes Fitness Tracker Body Temperature 2.01‚Äù Screen Smartwatch Men Women ,,34.12,334.09,Free shipping,https://ae04.alicdn.com/kf/S28e2680a07ef43e58805219933c39c38t/SENBONO-Smart-Watch-Men-Women-LED-Flashlight-100-Sport-Modes-Fitness-Tracker-Body-Temperature-2-01.jpg_220x220xz.jpg
LIGE Men Watch Sports Quartz Watches Men Waterproof Chronograph Wristwatch Mens Military Hollow Clock Man Relogio Masculino ,,41.12,390.95,Free shipping,https://ae04.alicdn.com/kf/S7aa25fb0590b47f387fa10d8c34874e0o/LIGE-Men-Watch-Sports-Quartz-Watches-Men-Waterproof-Chronograph-Wristwatch-Mens-Military-Hollow-Clock-Man-Relogio.jpg_220x220xz.jpg
Opk Brand Men Watch Simple Fashion Waterproof Luminous Stainless Steel Strap ,,13.61,271.94,Free shipping,https://ae04.alicdn.com/kf/S513a6d1565de408894d24a0de5ff3f9fX/Opk-Brand-Men-Watch-Simple-Fashion-Waterproof-Luminous-Stainless-Steel-Strap.jpg_220x220xz.jpg
LIGE Top Brand Luxury Fashion Diver Watch Men 30ATM Waterproof Date Clock Sport Watches Mens Quartz Wristwatch Relogio Masculino ,,37.88,356.43,Free shipping,https://ae04.alicdn.com/kf/S4511db2903d84822905b0b1b421462b03/LIGE-Top-Brand-Luxury-Fashion-Diver-Watch-Men-30ATM-Waterproof-Date-Clock-Sport-Watches-Mens-Quartz.jpg_220x220xz.jpg
LIGE Top Brand Luxury Fashion Diver Watch Men 30ATM Waterproof Date Clock Sport Watches Mens Quartz Wristwatch Relogio Masculino ,,129.88,"2,943.82",+Shipping: MAD26.71,https:
